ARI,Rand,Silhouette
0.4514426595212361,0.8552539821664915,0.3659382164478302
