ARI,Rand,Silhouette
0.3735354778197041,0.8407150555459598,0.14654208267396374
