ARI,Rand,Silhouette
0.40235834567768286,0.8463013736851943,0.38671964406967163
