ARI,Rand,Silhouette
0.3920279485816343,0.8440842810010838,0.40602344274520874
