ARI,Rand,Silhouette
0.44749487395727,0.8541729433371562,0.35535359382629395
