ARI,Rand,Silhouette
0.42264046361476054,0.8494755150162632,0.14695903658866882
