ARI,Rand,Silhouette
0.18345230350311603,0.8006203563243767,0.12288019700993112
