ARI,Rand,Silhouette
0.18423208843825345,0.7957942966735786,0.13084102658316965
