ARI,Rand,Silhouette
0.4203771057722371,0.8022133832532193,0.35689249634742737
