ARI,Rand,Silhouette
0.0,0.09132009055521566,0.3157408535480499
