ARI,Rand,Silhouette
0.0,0.2225511617094345,0.41733869910240173
