ARI,Rand,Silhouette
0.0,0.2374748295744907,0.38813626766204834
