ARI,Rand,Silhouette
0.0,0.22726030910929373,0.37700408697128296
