ARI,Rand,Silhouette
0.24459458360353928,0.6172247866304628,0.02236701987533165
