ARI,Rand,Silhouette
0.0,0.11891768173348129,0.3447035849094391
