ARI,Rand,Silhouette
0.0,0.20184644857787387,0.41628095507621765
