ARI,Rand,Silhouette
0.22197878056154063,0.7379603000306323,0.3451004126148527
