ARI,Rand,Silhouette
0.37703413639816896,0.8016820529606,0.06273676455020905
