ARI,Rand,Silhouette
0.0,0.2663613947324543,0.47221308946609497
