ARI,Rand,Silhouette
0.3247181085912257,0.811032462541523,0.5190467238426208
