ARI,Rand,Silhouette
0.32394398457644047,0.8103700975185936,0.15345346425155124
