ARI,Rand,Silhouette
0.4645648887515892,0.8598357013674148,0.4423677325248718
