ARI,Rand,Silhouette
0.4641676504172184,0.8600105527953121,0.597631573677063
