ARI,Rand,Silhouette
0.32358825613031766,0.8101396626991418,0.5136417746543884
