ARI,Rand,Silhouette
0.4236680161318521,0.8496522546365347,0.15387360751628876
