ARI,Rand,Silhouette
0.7755727491586488,0.932039123224988,0.5440660119056702
