ARI,Rand,Silhouette
0.5524828417002213,0.8790912698294103,0.411070853471756
