ARI,Rand,Silhouette
0.3131340494169257,0.8343841498466229,0.1889849305152893
