ARI,Rand,Silhouette
0.4466718268632835,0.8552501460927242,0.5919641852378845
