ARI,Rand,Silhouette
0.3127649580603003,0.8339721187656245,0.6815313696861267
