ARI,Rand,Silhouette
0.21354999263349703,0.8335482285422405,0.38954097032546997
