ARI,Rand,Silhouette
0.10065529592796545,0.8165159611483149,0.3675418198108673
