ARI,Rand,Silhouette
0.4802297121895334,0.8786729889785848,0.4476918876171112
