ARI,Rand,Silhouette
0.2848379315402696,0.8512597579994096,0.43650853633880615
