ARI,Rand,Silhouette
0.351281157916933,0.8564970782633193,0.3823856711387634
