ARI,Rand,Silhouette
0.09845614925633285,0.8116439911517676,0.3710753619670868
