ARI,Rand,Silhouette
0.16451897800213508,0.602487652311658,-0.07040486673238883
