ARI,Rand,Silhouette
0.23987077732171927,0.8129482324964804,0.1315159648656845
