ARI,Rand,Silhouette
0.27285366742477724,0.8291978513172094,0.38930124044418335
